{"cameraMode":{"drawMode":0,"name":"Shaded","section":"Shading Mode"},"sceneLighting":true,"audioPlay":false,"sceneViewState":{"showFog":false,"showMaterialUpdate":false,"showSkybox":false,"showFlares":false,"showImageEffects":false,"showParticleSystems":false},"in2DMode":false,"pivot":{"x":8.411948204040528,"y":-5.482972621917725,"z":-4.5103607177734379},"rotation":{"x":-0.17841431498527528,"y":-0.7717188596725464,"z":0.24664734303951264,"w":-0.5584362149238586},"size":13.555877685546875,"orthographic":false}