{"cameraMode":{"drawMode":0,"name":"Shaded","section":"Shading Mode"},"sceneLighting":true,"audioPlay":false,"sceneViewState":{"showFog":false,"showMaterialUpdate":false,"showSkybox":false,"showFlares":false,"showImageEffects":false,"showParticleSystems":false},"in2DMode":false,"pivot":{"x":0.5329657196998596,"y":-4.19663667678833,"z":-5.918936729431152},"rotation":{"x":-0.06173345446586609,"y":-0.9324889183044434,"z":0.29954516887664797,"w":-0.19233371317386628},"size":13.555877685546875,"orthographic":false}