{"cameraMode":{"drawMode":0,"name":"Shaded","section":"Shading Mode"},"sceneLighting":true,"audioPlay":false,"sceneViewState":{"showFog":false,"showMaterialUpdate":false,"showSkybox":false,"showFlares":false,"showImageEffects":false,"showParticleSystems":false},"in2DMode":false,"pivot":{"x":3.071509838104248,"y":-2.5859742164611818,"z":-4.54943323135376},"rotation":{"x":0.18748196959495545,"y":0.8017993569374085,"z":-0.3214697539806366,"w":0.4676206111907959},"size":13.555877685546875,"orthographic":false}