{"cameraMode":{"drawMode":0,"name":"Shaded","section":"Shading Mode"},"sceneLighting":true,"audioPlay":false,"sceneViewState":{"showFog":false,"showMaterialUpdate":false,"showSkybox":false,"showFlares":false,"showImageEffects":false,"showParticleSystems":false},"in2DMode":false,"pivot":{"x":7.715860366821289,"y":-4.304049015045166,"z":-5.636554718017578},"rotation":{"x":-0.15220189094543458,"y":-0.8210883140563965,"z":0.2570112943649292,"w":-0.48651713132858279},"size":13.555877685546875,"orthographic":false}