{"cameraMode":{"drawMode":0,"name":"Shaded","section":"Shading Mode"},"sceneLighting":true,"audioPlay":false,"sceneViewState":{"showFog":false,"showMaterialUpdate":false,"showSkybox":false,"showFlares":false,"showImageEffects":false,"showParticleSystems":false},"in2DMode":false,"pivot":{"x":6.593135833740234,"y":-4.887461185455322,"z":-0.36827796697616579},"rotation":{"x":-0.2536115348339081,"y":-0.6592205166816711,"z":0.252944678068161,"w":-0.6612243056297302},"size":13.555877685546875,"orthographic":false}